Diet,Balanced,balanced
Diet,High-Fiber,high-fiber
Diet,High-Protein,high-protein
Diet,Low-Carb,low-carb
Diet,Low-Fat,low-fat
Diet,Low-Sodium,low-sodium
Health,Alcohol-free,alcohol-free
Health,Celery-free,celery-free
Health,Crustacean-free,crustacean-free
Health,Dairy,dairy-free
Health,Eggs,egg-free
Health,Fish,fish-free
Health,Gluten,gluten-free
Health,Kidney,friendly
Health,Kosher,kosher
Health,Low,potassium
Health,Lupine-free,lupine-free
Health,Mustard-free,mustard-free
Health,No oil added,No-oil-added
Health,No-sugar,low-sugar
Health,Paleo,paleo
Health,Peanuts,peanut-free
Health,Pescatarian,pescatarian
Health,Pork-free,pork-free
Health,Red,meat-free
Health,Sesame-free,sesame-free
Health,Shellfish,shellfish-free
Health,Soy,soy-free
Health,Sugar-conscious,sugar-conscious
Health,Tree,Nuts
Health,Vegan,vegan
Health,Vegetarian,vegetarian
Health,Wheat-free,wheat-free
